model,accuracy,precision,recall,f1,roc_auc
RandomForest,0.7693399574166075,0.5498981670061099,0.7219251336898396,0.6242774566473989,0.8396729442765247
XGBoost,0.8034066713981547,0.6701754385964912,0.5106951871657754,0.5796661608497724,0.8460810147510915
LightGBM,0.7615330021291696,0.5387755102040817,0.7058823529411765,0.6111111111111112,0.8299387739285438
